Order_ID,Order_Date,Customer_ID,Region,Category,Product,Quantity,Unit_Price,Discount,Payment_Method,Customer_Rating,Delivery_Days,Returned,Sales
ORD1001,2026-03-16,CUST111,West,Fashion,Jacket,5,3492,5,Net Banking,4,8,No,16587
ORD1002,2026-01-22,CUST129,West,Home,Table Fan,2,2933,5,Credit Card,2.5,3,No,5572.7
ORD1003,2026-02-20,CUST112,East,Home,Storage Box,4,2306,25,Cash,2.5,3,No,6918
ORD1004,2026-01-09,CUST126,North,Fashion,Wrist Watch,1,2763,5,UPI,4,4,No,2624.85
ORD1005,2026-06-13,CUST118,West,Fashion,Jacket,5,434,0,Cash,3,6,No,2170
ORD1006,2026-04-05,CUST116,East,Home,Storage Box,5,661,25,Cash,,6,No,2478.75
ORD1007,2026-05-04,CUST113,North,Beauty,Shampoo,2,2514,15,Net Banking,4.5,1,Yes,4273.8
ORD1007,2026-02-02,CUST127,North,Electronics,Wireless Mouse,4,3495,10,UPI,3,1,No,12582
ORD1009,2026-04-09,CUST112,West,Electronics,Keyboard,2,3904,20,Debit Card,3.5,1,No,6246.4
ORD1010,2026-01-15,CUST126,South,Fashion,T-Shirt,1,1270,0,Cash,4.5,3,Yes,1270
ORD1011,2026-05-23,CUST111,North,Fashion,Backpack,4,2157,20,Cash,4.5,8,No,6902.4
ORD1012,2026-01-28,CUST112,West,Fashion,Jacket,2,3460,15,Cash,5,6,No,5882
ORD1013,2026-01-03,CUST107,South,Home,Storage Box,0,2737,15,Debit Card,2.5,6,No,2326.45
ORD1014,2026-06-29,CUST117,South,Fashion,Sneakers,4,3845,0,Credit Card,3,4,No,15380
ORD1015,2026-04-23,CUST102,South,Fashion,Sneakers,3,3399,10,Cash,5,7,No,9177.3
ORD1016,2026-06-09,CUST123,West,Electronics,Wireless Mouse,3,5972,25,Debit Card,3.5,1,No,13437
ORD1017,2026-05-04,CUST127,South,Beauty,Shampoo,4,3049,0,Net Banking,3.5,4,No,12196
ORD1018,2026-06-10,CUST108,West,Beauty,Perfume,2,3161,,UPI,2.5,3,No,5373.7
ORD1019,2026-05-09,CUST116,South,Electronics,Bluetooth Speaker,2,1062,5,Cash,4.5,5,No,2017.8
ORD1020,2026-06-01,CUST122,West,Fashion,Backpack,1,2655,15,Credit Card,4,3,No,2256.75
ORD1021,2026-05-26,CUST114,South,Beauty,Moisturizer,3,2450,20,UPI,5,3,No,5880
ORD1022,2026-05-25,CUST101,West,Electronics,Keyboard,1,5293,10,Cash,3.5,3,No,4763.7
ORD1023,2026-01-28,CUST115,West,Home,Table Fan,3,-500,0,Credit Card,4.5,4,No,11562
ORD1024,2026-02-15,CUST121,South,Fashion,Jacket,3,1643,20,Debit Card,4,1,No,3943.2
ORD1025,2026-06-09,CUST123,North,Electronics,Wireless Mouse,5,1406,15,Debit Card,3,1,No,5975.5
ORD1026,2026-05-31,CUST102,East,Home,Coffee Maker,3,3233,25,Debit Card,3,2,No,7274.25
ORD1027,2026-06-02,CUST124,North,Beauty,Face Wash,1,2140,5,Cash,3,7,No,2033
ORD1028,2026-05-23,CUST128,South,Electronics,Keyboard,1,4647,10,UPI,5,3,No,4182.3
ORD1029,2026-01-08,CUST121,West,Fashion,Wrist Watch,2,2891,0,Cash,4,,No,5782
ORD1030,2026-05-27,CUST117,West,Home,Table Fan,4,4864,25,Debit Card,4,2,Yes,14592
ORD1031,2026-02-27,CUST126,North,Electronics,Bluetooth Speaker,5,3638,0,UPI,5,6,No,18190
ORD1032,2026-01-22,CUST129,East,Beauty,Shampoo,5,953,35,Debit Card,4,2,No,3812
ORD1033,2026-05-24,CUST126,South,Electronics,Wireless Mouse,5,4845,25,Net Banking,4,1,No,18168.75
ORD1034,2026-03-10,CUST113,West,Electronics,Bluetooth Speaker,2,3649,0,UPI,2.5,4,No,7298
ORD1035,2026-06-20,CUST105,West,Fashion,Jacket,4,1968,10,Debit Card,2.5,1,No,7084.8
ORD1036,2026-02-04,CUST123,North,Fashion,Jacket,5,3773,5,UPI,4.5,2,No,17921.75
ORD1037,2026-04-24,CUST113,East,Home,Coffee Maker,3,4474,20,upi,4,1,No,10737.6
ORD1038,2026-04-06,CUST124,East,Electronics,Keyboard,2,3304,15,Net Banking,4,1,No,5616.8
ORD1039,2026-03-27,CUST113,East,Fashion,Backpack,3,995,0,Debit Card,2.5,4,Yes,2985
ORD1040,2026-03-24,CUST126,East,Electronics,USB-C Hub,4,5160,15,Net Banking,4.5,3,No,17544
ORD1041,2026-02-11,CUST126,East,Beauty,Perfume,5,2866,20,UPI,4.5,3,No,11464
ORD1042,2026-01-07,CUST114,North,Fashion,T-Shirt,2,2939,20,UPI,2.5,2,No,4702.4
ORD1043,2026-03-06,CUST122,north,Home,Table Fan,5,2886,20,Credit Card,2.5,5,No,11544
ORD1044,2026-02-08,CUST130,East,Home,Storage Box,3,2714,10,Net Banking,4.5,2,No,7327.8
ORD1045,2026-05-11,CUST113,West,Home,Storage Box,4,1394,0,Credit Card,4,1,YES,5576
ORD1046,2026-06-13,CUST103,East,Electronics,Power Bank,2,4427,15,Cash,2.5,2,Yes,7525.9
ORD1047,2026-01-12,CUST110,West,Electronics,Wireless Mouse,5,4437,0,Cash,4,5,No,22185
ORD1048,2026-02-10,CUST104,West,Beauty,Moisturizer,2,3029,20,Debit Card,5,7,No,4846.4
ORD1049,2026-02-04,CUST129,South,Electronics,Power Bank,4,3308,25,UPI,3.5,8,No,9924
ORD1050,2026-03-06,CUST118,West,Electronics,Bluetooth Speaker,2,3671,25,Credit Card,3.5,5,No,5506.5